{
	"seatInfo":[
		{
			"name":"A1",
			"price":"1000",
			"reserve":"disabled"
		},
		{
			"name":"A2",
			"price":"2000",
			"reserve":""
		},
		{
			"name":"A3",
			"price":"500",
			"reserve":"disabled"
		},
		{
			"name":"A4",
			"price":"10000",
			"reserve":"disabled"
		},
		{
			"name":"A5",
			"price":"10000",
			"reserve":""
		},
		{
			"name":"B1",
			"price":"1000",
			"reserve":""
		},
		{
			"name":"B2",
			"price":"2000",
			"reserve":""
		},
		{
			"name":"B3",
			"price":"500",
			"reserve":""
		},
		{
			"name":"B4",
			"price":"10000",
			"reserve":""
		},
		{
			"name":"B5",
			"price":"10000",
			"reserve":"disabled"
		},
		{
			"name":"C1",
			"price":"1000",
			"reserve":"disabled"
		}
	]
}